,country,region,population_in_millions,population_density,urban_population_y,gdp_per_capita,health_total_expenditure,health_care_index,health_physicians,quantity_of_physicians,quality_of_life_index,purchasing_power_index,safety_index,pop_using_improved_drinking_water_urban,pop_using_improved_drinking_water_rural,pollution_index,life_expectancy_at_birth_total_bc
0,Argentina,SouthAmerica,44.271,16.2,91.749,14564.5,4.8,73.3,3.8,Muchos,139.59,58.4,37.37,96.2,98.3,53.33,159649640908.06238
1,Australia,Oceania,24.451,3.2,85.904,51352.2,9.4,74.25,3.4,Medios,176.54,101.94,57.58,100.0,100.0,24.58,261173673511.35745
2,Austria,WesternEurope,8.736,106.0,58.094,44117.7,11.2,80.91,5.2,Muchos,190.37,95.66,80.75,100.0,100.0,21.9,244365320318.51413
3,Belarus,EasternEurope,9.468,46.7,78.134,5750.8,5.7,53.76,4.1,Muchos,119.23,36.43,77.74,94.1,95.2,39.64,132013684105.931
4,Belgium,WesternEurope,11.429,377.5,97.961,40277.8,10.6,78.92,3.0,Medios,160.52,91.02,55.49,99.5,99.4,48.92,241493286159.54498
5,Bosnia and Herzegovina,SouthernEurope,3.507,68.8,47.876000000000005,4265.0,9.6,61.49,1.9,Muy pocos,139.14,51.29,59.03,98.9,92.0,60.69,169999987979.218
6,Brazil,SouthAmerica,209.288,25.0,86.309,8528.3,8.3,51.7,1.9,Muy pocos,96.15,42.38,29.38,88.0,51.5,61.17,147825415292.5504
7,Bulgaria,EasternEurope,7.085,65.3,74.669,6846.8,8.4,54.03,4.0,Muchos,138.2,51.4,59.82,86.8,83.7,63.12,139993383365.0971
8,Canada,NorthernAmerica,36.624,4.0,81.35,43205.6,10.4,69.23,2.5,Pocos,167.18,108.01,60.75,100.0,99.0,26.54,250243356265.9047
9,Chile,SouthAmerica,18.055,24.3,87.49,13416.2,7.8,60.97,3.3600000000000003,Medios,136.2,61.28,52.5,100.0,90.9,67.67,213085024323.15408
10,"China, Hong Kong SAR",EasternAsia,7.365,7014.2,100.0,42431.0,10.320000000000002,67.99,3.26,Medios,94.45,81.45,79.32,98.96,97.18,69.9,308445865378.337
11,China,EasternAsia,1409.517,150.1,57.96,8109.1,5.5,62.25,1.5,Muy pocos,90.95,67.84,66.1,86.6,63.7,88.96,160960592190.25067
12,Colombia,SouthAmerica,49.066,44.2,80.446,6056.1,7.2,65.79,2.58,Pocos,115.38,37.63,48.31,85.2,67.9,63.9,167166712827.41782
13,Croatia,SouthernEurope,4.189,74.9,56.667,11479.4,7.8,65.49,3.1,Medios,170.63,60.71,72.2,97.8,95.8,33.34,180065280166.83725
14,Cyprus,WesternAsia,1.18,127.7,66.836,21941.9,7.4,54.23,2.5,Pocos,166.64,95.92,67.54,100.0,100.0,54.77,226397870191.53543
15,Czechia,EasternEurope,10.618,137.5,73.675,17561.7,7.4,74.09,3.7,Muchos,165.41,76.22,69.82,99.1,99.2,41.04,197741402489.38226
16,Denmark,NorthernEurope,5.734,135.1,87.757,53149.3,10.8,75.45,3.6,Muchos,184.92,98.76,78.87,99.6,99.6,25.97,234212766435.71173
17,Egypt,NorthernAfrica,97.553,98.0,42.705,3452.3,5.6,43.73,0.8,Muy pocos,91.81,29.39,47.14,96.8,93.1,88.88,106325537909.64479
18,Estonia,NorthernEurope,1.31,30.9,68.717,17112.0,6.4,71.3,3.3,Medios,171.09,68.48,77.0,97.5,96.6,17.71,184024062429.53067
19,Finland,NorthernEurope,5.523,18.2,85.325,42148.1,9.7,74.85,3.0,Medios,182.93,114.97,75.37,99.4,88.0,13.38,244132642101.18567
20,France,WesternEurope,64.98,118.7,80.18,36304.2,11.5,78.62,3.2,Medios,160.25,87.29,56.34,98.6,98.9,40.15,262703885808.3617
21,Germany,WesternEurope,82.114,235.6,77.26100000000001,41686.2,11.3,76.74,4.1,Muchos,189.74,124.88,67.97,99.3,99.0,27.05,232198793849.14862
22,Greece,SouthernEurope,11.16,86.6,78.72399999999999,17788.0,8.1,53.92,6.3,Muchos,148.32,58.24,59.68,99.2,98.1,52.05,237647586388.98233
23,Hungary,EasternEurope,9.722,107.4,71.062,12350.6,7.4,53.46,3.3,Medios,138.82,47.52,61.61,97.8,98.6,43.99,152394920224.61954
24,India,SouthernAsia,1339.18,450.4,33.6,1614.2,4.7,69.18,0.7,Muy pocos,101.52,76.73,56.04,62.6,28.5,76.53,84848624689.7858
25,Indonesia,South-easternAsia,263.991,145.7,54.659,3346.5,2.8,64.8,0.2,Muy pocos,62.02,27.61,50.32,72.3,47.5,76.41,102835789261.94247
26,Iran (Islamic Republic of),SouthernAsia,81.163,49.8,74.39399999999999,5038.1,7.5,51.55,1.5,Muy pocos,97.17,43.18,49.1,92.8,82.3,82.51,158307990430.3545
27,Ireland,NorthernEurope,4.762,69.1,62.947,60513.6,7.8,53.33,2.8,Pocos,166.9,103.52,54.23,89.1,92.9,27.18,254308146017.34372
28,Israel,WesternAsia,8.322,384.5,92.336,37129.4,7.8,74.78,3.6,Muchos,157.88,94.47,70.99,100.0,100.0,61.71,262209445181.12753
29,Italy,SouthernEurope,59.36,201.8,70.14399999999999,30462.4,9.2,66.31,3.9,Muchos,142.52,71.83,55.34,99.5,99.6,51.57,270316740000.80316
30,Japan,EasternAsia,127.484,349.7,91.535,34628.7,10.2,78.63,2.3,Pocos,147.49,102.52,79.11,100.0,100.0,41.01,295202506318.50696
31,Jordan,WesternAsia,9.702,109.3,90.747,4940.1,7.5,71.92,2.6,Pocos,117.47,42.27,56.86,98.6,98.9,85.73,133872744418.7555
32,Lebanon,WesternAsia,6.082,594.6,88.429,8571.4,6.4,64.28,2.4,Pocos,106.18,53.61,50.84,80.7,80.7,85.11,195436834815.8719
33,Lithuania,NorthernEurope,2.89,46.1,67.516,14383.7,6.6,68.74,4.3,Muchos,130.28,51.67,59.97,97.2,82.8,34.27,148131620310.54764
34,Malaysia,South-easternAsia,31.624,96.3,75.447,9768.4,4.2,65.99,1.3,Muy pocos,51.65,73.34,35.25,96.1,95.9,67.08,152535038275.39307
35,Mexico,CentralAmerica,129.163,66.4,79.867,8980.9,6.3,70.11,2.1,Pocos,129.06,60.08,49.68,88.0,74.5,66.74,141580436073.17993
36,Netherlands,WesternEurope,17.036,505.2,91.077,44332.1,10.9,82.5,3.4,Medios,175.23,86.52,70.11,97.5,99.9,27.62,246608561532.40125
37,New Zealand,Oceania,4.706,17.9,86.46600000000001,38294.3,11.0,70.58,2.9,Medios,184.74,89.87,61.22,99.08,98.5,20.03,244644780976.0265
38,Norway,NorthernEurope,5.305,14.5,81.87100000000001,74185.5,9.7,74.19,4.4,Muchos,165.93,105.58,54.31,98.0,98.3,19.45,263397423256.90454
39,Pakistan,SouthernAsia,197.016,255.6,36.442,1410.4,2.6,59.05,0.8,Muy pocos,93.41,39.95,45.62,83.1,51.1,80.08,68924601771.59232
40,Philippines,South-easternAsia,104.918,351.9,46.682,2904.2,4.7,69.16,1.42,Muy pocos,56.87,36.0,60.23,77.9,70.8,70.25,99837290713.35434
41,Poland,EasternEurope,38.171,124.6,60.105,12355.5,6.4,61.46,2.3,Pocos,150.21,71.75,68.47,97.5,96.7,50.33,178988397100.53006
42,Portugal,SouthernEurope,10.33,112.8,64.652,19239.2,9.5,70.31,4.4,Muchos,178.43,62.72,64.61,99.6,99.8,28.91,240205598963.58286
43,Qatar,WesternAsia,2.639,227.3,99.078,73653.4,2.2,66.14,2.0,Muy pocos,132.37,111.28,84.3,98.0,98.0,73.29,214312378990.98264
44,Republic of Korea,EasternAsia,50.982,524.3,81.503,27396.7,7.4,83.2,2.2,Pocos,162.49,102.38,74.73,100.0,100.0,52.73,263744770502.9372
45,Romania,EasternEurope,19.679,85.5,53.93600000000001,9120.7,5.6,53.11,2.7,Pocos,143.04,53.44,72.05,92.2,63.3,50.9,146007813545.00424
46,Russian Federation,EasternEurope,143.99,8.8,74.292,9243.3,7.1,56.4,3.3,Medios,85.93,48.27,53.95,77.0,58.7,63.04,113885281756.96632
47,Saudi Arabia,WesternAsia,32.938,15.3,83.62200000000001,20710.6,4.7,60.41,2.6,Pocos,146.41,138.05,76.35,100.0,100.0,74.18,140703308335.9955
48,Serbia,SouthernEurope,8.791,100.5,55.942,5238.6,10.4,53.86,2.5,Pocos,133.43,40.8,61.38,98.2,94.2,55.29,148865752448.6607
49,Singapore,South-easternAsia,5.709,8155.5,100.0,52239.0,4.9,69.87,1.9,Muy pocos,86.5,92.7,83.42,100.0,99.82,37.04,273423764451.6353
50,Slovakia,EasternEurope,5.448,113.3,53.751000000000005,16082.5,8.1,62.63,3.4,Medios,152.55,64.75,69.82,99.4,98.2,43.51,170532765568.56192
51,Slovenia,SouthernEurope,2.08,103.3,54.273,20689.8,9.2,64.35,2.8,Pocos,175.45,78.23,75.95,99.1,99.1,26.37,232868489085.58228
52,South Africa,SouthernAfrica,56.717,46.8,65.85,5773.0,8.8,61.72,0.8,Muy pocos,144.72,98.96,24.28,69.6,60.5,63.56,49388732477.54973
53,Spain,SouthernEurope,46.354,92.9,80.08,25865.4,9.0,76.65,3.8,Muchos,183.65,87.87,68.72,99.8,100.0,37.46,277388693766.828
54,Sri Lanka,SouthernAsia,20.877,332.9,18.384,3973.7,3.5,80.04,1.6599999999999997,Muy pocos,88.99,30.28,65.43,88.1,96.7,61.9,163364928906.46542
55,Sweden,NorthernEurope,9.911,24.2,87.146,50687.5,11.9,70.64,4.1,Muchos,172.74,107.23,53.35,99.2,99.6,17.87,259357135842.78418
56,Switzerland,WesternEurope,8.476,214.5,73.76100000000001,80831.1,11.7,71.04,4.1,Muchos,173.54,95.35,77.55,99.9,99.8,20.77,283136904150.91266
57,Thailand,South-easternAsia,69.038,135.1,49.2,5814.8,4.1,80.66,2.3,Pocos,57.21,34.28,50.22,89.9,96.1,73.23,163841236412.12973
58,The former Yugoslav Republic of Macedonia,SouthernEurope,2.083,82.6,57.748000000000005,4836.1,6.5,63.46,2.8,Pocos,116.42,39.85,61.34,97.2,82.6,83.38,149494943083.0681
59,Turkey,WesternAsia,80.745,104.9,74.64399999999999,9125.8,5.4,71.68,1.7,Muy pocos,129.63,55.64,58.91,98.3,85.5,70.46,170464373361.8021
60,Ukraine,EasternEurope,44.223,76.3,69.24600000000001,2021.6,7.1,49.81,3.0,Medios,87.49,26.93,48.73,97.4,92.6,67.26,107513699069.41133
61,United Arab Emirates,WesternAsia,9.4,112.4,86.24799999999999,40438.8,3.6,60.49,1.6,Muy pocos,139.27,116.77,79.34,98.0,95.2,58.52,177428390692.29337
62,United Kingdom,NorthernEurope,66.182,273.6,83.14299999999999,44162.4,9.1,74.28,2.8,Pocos,172.87,96.85,58.81,99.1,99.6,34.88,237057058726.81897
63,United States of America,NorthernAmerica,324.46,35.5,82.05799999999999,56053.8,17.1,68.22,2.6,Pocos,179.73,123.17,51.24,100.0,100.0,31.19,190835482526.70743
64,Venezuela (Bolivarian Republic of),SouthAmerica,31.977,36.3,88.18299999999999,11068.9,5.3,36.9,2.66,Pocos,0.0,3.35,14.72,97.5,69.9,72.9,112033593460.31181
65,Vietnam,South-easternAsia,95.541,308.1,35.213,2067.9,7.1,47.87,1.2,Muy pocos,36.12,24.77,47.04,94.4,69.7,88.1,145159808706.37665
